,Death,4,Recovered,start
Death,0,0,0,0
4,0.027131782945736434,0.6457960644007156,0.327072152653548,0
Recovered,0,0,0,0
start,0,1.0,0,0
