,2,Recovered,start,Death
2,0.4219409282700422,0.3206751054852321,0,0.25738396624472576
Recovered,0,0,0,0
start,1.0,0,0,0
Death,0,0,0,0
