,0,1,2,Death,start,Recovered
0,0.2713178294573643,0.4496124031007752,0,0.27906976744186046,0,0
1,0.07177033492822966,0.49920255183413076,0.08293460925039872,0.01594896331738437,0,0.33014354066985646
2,0.1095890410958904,0.5,0.1917808219178082,0.17123287671232876,0,0.0273972602739726
Death,0,0,0,0,0,0
start,0.11702127659574468,0.648936170212766,0.23404255319148937,0,0,0
Recovered,0,0,0,0,0,0
