,0,1,2,Death,start,Recovered
0,0.12121212121212122,0.24242424242424243,0,0.24242424242424243,0,0.3939393939393939
1,0.06015037593984962,0.21052631578947367,0.03007518796992481,0.14285714285714285,0,0.556390977443609
2,0.11764705882352941,0.35294117647058826,0.058823529411764705,0.17647058823529413,0,0.29411764705882354
Death,0,0,0,0,0,0
start,0.13076923076923078,0.6538461538461539,0.2153846153846154,0,0,0
Recovered,0,0,0,0,0,0
