,0,1,2,Death,start,Recovered
0,0.18181818181818182,0.12121212121212122,0,0.3939393939393939,0,0.30303030303030304
1,0.07692307692307693,0.28205128205128205,0.02564102564102564,0.07692307692307693,0,0.5384615384615384
2,0,0.17142857142857143,0.22857142857142856,0.17142857142857143,0,0.42857142857142855
Death,0,0,0,0,0,0
start,0.10714285714285714,0.7285714285714285,0.16428571428571428,0,0,0
Recovered,0,0,0,0,0,0
