,0,1,2,Death,start,Recovered
0,0.46153846153846156,0.27972027972027974,0,0.25874125874125875,0,0
1,0.08191126279863481,0.46245733788395904,0.06825938566552901,0.025597269624573378,0,0.36177474402730375
2,0,0.5877192982456141,0.2807017543859649,0.043859649122807015,0,0.08771929824561403
Death,0,0,0,0,0,0
start,0.1039426523297491,0.7455197132616488,0.15053763440860216,0,0,0
Recovered,0,0,0,0,0,0
