,0,1,2,Death,start,Recovered
0,0.2073170731707317,0.5,0,0.2682926829268293,0,0.024390243902439025
1,0.06074766355140187,0.42990654205607476,0.09579439252336448,0.030373831775700934,0,0.38317757009345793
2,0.102803738317757,0.4392523364485981,0.12149532710280374,0.2336448598130841,0,0.102803738317757
Death,0,0,0,0,0,0
start,0.11814345991561181,0.6582278481012658,0.22362869198312235,0,0,0
Recovered,0,0,0,0,0,0
