,0,1,2,Death,start,Recovered
0,0.16304347826086957,0.2826086956521739,0.021739130434782608,0.2391304347826087,0,0.29347826086956524
1,0.16613418530351437,0.3738019169329074,0.04153354632587859,0.06389776357827476,0,0.3546325878594249
2,0.08928571428571429,0.3392857142857143,0.23214285714285715,0.14285714285714285,0,0.19642857142857142
Death,0,0,0,0,0,0
start,0.10050251256281408,0.7587939698492462,0.1407035175879397,0,0,0
Recovered,0,0,0,0,0,0
