,0,1,2,Death,start,Recovered
0,0.24475524475524477,0.5034965034965035,0,0.2517482517482518,0,0
1,0.07466666666666667,0.5413333333333333,0.07333333333333333,0.013333333333333334,0,0.29733333333333334
2,0.1032258064516129,0.5419354838709678,0.1935483870967742,0.16129032258064516,0,0
Death,0,0,0,0,0,0
start,0.12244897959183673,0.6394557823129252,0.23809523809523808,0,0,0
Recovered,0,0,0,0,0,0
